Threshold	Nodes	Edges	Clusters	LargestCluster	SecondLargestCluster	Score	Singletons
1e-05	2	1	1	2	0	0	0
0.13493	2	2	1	2	0	0	1
0.13894	2	3	1	2	0	0	1
0.14749	2	4	1	2	0	1.5	2
0.15563	2	5	1	2	0	-0.5	2
0.15893	2	6	1	2	0	0	2
