Threshold	Nodes	Edges	Clusters	LargestCluster	SecondLargestCluster	Score	Singletons
1e-05	2	1	1	2	0	0	0
0.08585	2	2	1	2	0	0	1
0.09213	2	3	1	2	0	0	1
0.10463	2	4	1	2	0	1.5	2
0.10607	2	5	1	2	0	-0.5	2
0.11161	2	6	1	2	0	0	2
