Threshold	Nodes	Edges	Clusters	LargestCluster	SecondLargestCluster	Score	Singletons
1e-05	2	1	1	2	0	0	0
0.03865	2	2	1	2	0	0	1
0.0549	2	3	1	2	0	0	2
0.06069	2	4	1	2	0	1.5	2
0.06202	2	5	1	2	0	-0.5	2
0.07957	2	6	1	2	0	0	2
