Threshold	Nodes	Edges	Clusters	LargestCluster	SecondLargestCluster	Score	Singletons
1e-05	2	1	1	2	0	0	0
0.1326	2	2	1	2	0	0	1
0.13317	2	3	1	2	0	0	1
0.14637	2	4	1	2	0	1.5	2
0.15506	2	5	1	2	0	-0.5	2
0.15527	2	6	1	2	0	0	2
