Threshold	Nodes	Edges	Clusters	LargestCluster	SecondLargestCluster	Score	Singletons
1e-05	2	1	1	2	0	0	0
0.04614	2	2	1	2	0	0	1
0.0536	2	3	1	2	0	0	1
0.06154	2	4	1	2	0	1.5	2
0.06335	2	5	1	2	0	-0.5	2
0.06596	2	6	1	2	0	0	2
