Threshold	Nodes	Edges	Clusters	LargestCluster	SecondLargestCluster	Score	Singletons
1e-05	2	1	1	2	0	0	0
0.0892	2	2	1	2	0	0	1
0.09481	2	3	1	2	0	0	1
0.09717	2	4	1	2	0	1.5	2
0.10444	2	5	1	2	0	-0.5	2
0.10511	2	6	1	2	0	0	2
