Threshold	Nodes	Edges	Clusters	LargestCluster	SecondLargestCluster	Score	Singletons
1e-05	2	1	1	2	0	0	0
0.04084	2	2	1	2	0	0	1
0.0457	2	3	1	2	0	0	1
0.04839	2	4	1	2	0	1.5	2
0.04893	2	5	1	2	0	1.5	2
0.04905	2	6	1	2	0	1.5	3
0.05076	2	7	1	2	0	1.5	3
0.0571	2	8	1	2	0	-0.5	3
0.05901	2	9	1	2	0	-2.5	3
0.06137	2	10	1	2	0	0	3
