Threshold	Nodes	Edges	Clusters	LargestCluster	SecondLargestCluster	Score	Singletons
1e-05	2	1	1	2	0	0	0
0.07082	2	2	1	2	0	0	1
0.07461	2	3	1	2	0	0	1
0.07819	2	4	1	2	0	1.5	2
0.08367	2	5	1	2	0	1.5	2
0.08484	2	6	1	2	0	1.5	3
0.08817	2	7	1	2	0	1.5	3
0.09329	2	8	1	2	0	-0.5	3
0.10296	2	9	1	2	0	-2.5	3
0.1037	2	10	1	2	0	0	3
