Threshold	Nodes	Edges	Clusters	LargestCluster	SecondLargestCluster	Score	Singletons
1e-05	2	1	1	2	0	0	0
0.02886	2	2	1	2	0	0	1
0.03668	2	3	1	2	0	0	1
0.03782	2	4	1	2	0	1.5	2
0.04892	2	5	1	2	0	-0.5	2
0.05446	2	6	1	2	0	0	2
