Threshold	Nodes	Edges	Clusters	LargestCluster	SecondLargestCluster	Score	Singletons
1e-05	2	1	1	2	0	0	0
0.08032	2	2	1	2	0	0	1
0.08315	2	3	1	2	0	0	2
0.08507	2	4	1	2	0	1.5	2
0.08943	2	5	1	2	0	1.5	2
0.0915	2	6	1	2	0	1.5	3
0.09341	2	7	1	2	0	1.5	3
0.09533	2	8	1	2	0	-0.5	3
0.09826	2	9	1	2	0	-2.5	3
0.1092	2	10	1	2	0	0	3
