Threshold	Nodes	Edges	Clusters	LargestCluster	SecondLargestCluster	Score	Singletons
1e-05	2	1	1	2	0	0	0
0.0384	2	2	1	2	0	0	1
0.04245	2	3	1	2	0	0	1
0.04569	2	4	1	2	0	1.5	2
0.06163	2	5	1	2	0	1.5	3
0.06902	2	6	1	2	0	1.5	3
0.07049	2	7	1	2	0	1.5	3
0.07636	2	8	1	2	0	-0.5	3
0.07694	2	9	1	2	0	-2.5	3
0.08255	2	10	1	2	0	0	3
