Threshold	Nodes	Edges	Clusters	LargestCluster	SecondLargestCluster	Score	Singletons
1e-05	2	1	1	2	0	0	0
0.05304	2	2	1	2	0	0	1
0.05669	2	3	1	2	0	0	2
0.06022	2	4	1	2	0	1.5	2
0.06827	2	5	1	2	0	1.5	2
0.07522	2	6	1	2	0	1.5	2
0.077	2	7	1	2	0	1.5	3
0.07796	2	8	1	2	0	-0.5	3
0.09367	2	9	1	2	0	-2.5	3
0.09373	2	10	1	2	0	0	3
